"name","other_names","air_dates","air_days","country","duration_mins","episodes","genres","native_name","original_network","mdl_popularity","mdl_rank","mdl_num_reviews","mdl_rating","mdl_num_ratings","mdl_tags","mdl_num_watchers","db_rating","db_num_ratings","image_path"
"The Untamed","Chen qing ling,魔道祖师,Chén qíng lìng,Mo Dao Zu Shi,Magic Ancestors,The Founder of Diabolism,Grandmaster of Demonic Cultivation","Jun 27, 2019 - Aug  7, 2019","Tuesday,Wednesday,Monday","China","45","50","Fantasy,Friendship,Wuxia,Action,Historical,Adventure,Mystery","陈情令","Tencent Video","274","3","196 users","9.4","6445","Tragic Past,Fantasy World,Strong Chemistry,Censored Romance,Playful Male Lead,Smart Male Lead,Adapted From A Novel,Calm Second Male Lead,Strong Male Lead,Xianxia","12738","7.9","1258544","the-untamed.jpg"
"My Mister","My Ajusshi,My Ahjussi,Naui Ajeosshi,My Ahjusshi","Mar 21, 2018 - May 17, 2018","Wednesday,Thursday","South Korea","77","16","Life,Business,Psychological,Family,Drama","나의 아저씨","tvN","166","17","96 users","9.2","6571","Badass Female Lead,Cold Woman,Office Worker,Nice Male Lead,Hardship,Infidelity,Smart Female Lead,Workplace,Strong Female Lead,Healing","17245","9.4","71509","my-mister.jpg"
"Signal","Sigeuneol","Jan 22, 2016 - Mar 12, 2016","Friday,Saturday","South Korea","75","16","Supernatural,Investigation,Crime,Suspense,Mystery,Drama","시그널","tvN","56","19","105 users","9.2","13333","Criminal Profiler,Murder,Investigation,Serial Killer,Kidnapping,Detective,Smart Female Lead,Time Altering,Hwaseong Serial Murders,Different Timelines","30313","9.2","176801","signal.jpg"
"Prison Playbook","Prison,Seulgirowoon Gambbangsaenghwal,Gamok,Wise Prison Life,감옥,Smart Prison Living","Nov 22, 2017 - Jan 18, 2018","Wednesday,Thursday","South Korea","90","16","Comedy,Friendship,Drama,Life","슬기로운 감빵생활","Netflix,tvN","162","20","53 users","9.2","6647","Prison,Character Development,Slight Romance,Wrongfully Accused,Nice Male Lead,Baseball,Slice Of Life,Bromance,Black Comedy,Strong Male Lead","17466","9.4","97002","prison-playbook.jpg"
"Mother","Call Me Mother,Madeo","Jan 24, 2018 - Mar 15, 2018","Wednesday,Thursday","South Korea","63","16","Investigation,Life,Psychological,Melodrama,Family,Suspense,Drama","마더","tvN","332","24","30 users","9.2","3798","Motherhood,Mother-Daughter Relationship,Independent Female Lead,Single Parent,Orphan Female Lead,Adoption,Child Abuse,Older Woman/Younger Man,Teacher,Remake","11104","8.3","67825","mother-2018.jpg"
"Nirvana in Fire","Lang Ya Bang,琅琊榜","Sep 19, 2015 - Oct 15, 2015","Tuesday,Wednesday,Thursday,Monday,Friday,Sunday,Saturday","China","45","54","Military,Fantasy,Friendship,Political,Tragedy,Wuxia,Historical,War,Drama","瑯琊榜","BTV","377","26","81 users","9.2","3565","Royalty,Hidden Identity,Power Struggle,Skilled Killer,Scheme,Female Warrior,Smart Male Lead,Political Intrigue,Adapted From A Novel,Bromance","9937","9.3","400032","nirvana-in-fire.jpg"
"SKY Castle","프린세스 메이커,Princess Maker,SKY Kaeseul","Nov 23, 2018 - Feb  1, 2019","Friday,Saturday","South Korea","75","20","Psychological,School,Family,Mystery,Drama","SKY 캐슬","jTBC","220","32","38 users","9.1","6660","Social Satire,Rich Kids,Makjang,Mother-Daughter Relationship,Social Commentary,Female Centered Plot,Satire,Child Education,Medical,Multiple Mains","14728","8.8","82122","sky-castle.jpg"
"Joy of Life","Qing's Remaining Years,Qing Yu Nian,Thankful for the Remaining Years,慶余年","Nov 26, 2019 - Jan  1, 2020","Tuesday,Wednesday,Monday","China","45","46","Romance,Action,Historical,Political,Comedy","庆余年","iQiyi,Tencent Video","1297","37","32 users","9.2","975","Revenge,Sword-fight,First Love,Power Struggle,Scheme,Smart Male Lead,Martial Arts,Adapted From A Novel,Strong Male Lead,Time Travel","3243","7.9","672296","joy-of-life.jpg"
"Crash Landing on You","Love’s Emergency Landing,Emergency Lands of Love,Unsettling Lo,Sarangui Bulsichag,The Crash of Love,Crash Landing of Love,Sarangui bulsichak,Breakdown of Love,Love's Crash Landing,Love Crashes,Sarangui Boolshichak,Emergency Love Landing,Salangui Bulsichag","Dec 14, 2019 - Feb 16, 2020","Sunday,Saturday","South Korea","85","16","Comedy,Romance,Drama,Political","사랑의 불시착","Netflix,tvN","187","40","98 users","9.1","7634","North And South Korea,Lovers From Different Countries,Army Officer,Nice Male Lead,Cohabitation,Pretend Relationship,North Korean,Rich Female Lead,Strong Female Lead,Strong Male Lead","16021","8.2","126520","crash-landing-on-you.jpg"
"Healer","Heelreo","Dec  8, 2014 - Feb 10, 2015","Tuesday,Monday","South Korea","60","20","Romance,Thriller,Action,Comedy,Mystery,Drama","힐러","KBS2","11","41","244 users","9.1","32049","Reporter,Badass Male Lead,Hidden Identity,Hardworking Female Lead,Double Identity,Calm Male Lead,Political,Trauma,Strong Female Lead,Strong Male Lead","54932","8.6","70841","healer.jpg"
"1 Litre no Namida","1 Litre of Tears,One Litre of Tears,A Diary with Tears,Ichi Rittoru no Namida","Oct 11, 2005 - Dec 20, 2005","Tuesday","Japan","45","11","Romance,Tragedy,Melodrama,School,Family,Drama","1 リットルの涙","Fuji TV","87","45","92 users","9.0","13710","Tearjerker,Spinocerebellar Ataxia,Kito Aya,Based On True Story,Terminal Illness,High School,Adapted From A Novel,Kanjani 8","24947","8.9","77447","1-litre-no-namida.jpg"
"Eternal Love","Ten Miles of Peach Blossoms,三生三世，十里桃花,Three Lives Three Worlds,Ten Great III of Peach Blossom,The Eternal Ten Miles of Peach Blossoms,San Sheng San Shi Shi Li Tao Hua","Jan 30, 2017 - Mar  1, 2017","Tuesday,Wednesday,Thursday,Monday,Friday,Sunday,Saturday","China","45","58","Fantasy,Friendship,Supernatural,Romance,Wuxia,Melodrama,Historical,Adventure,War,Drama","三生三世十里桃花","ZJTV","190","51","166 users","9.0","8035","Historical Fantasy,Multiple Couples,Steamy Kiss,Married Couple,Adapted From A Novel,Second Chance,Amnesia,Strong Female Lead,Male Chases Female First,Xianxia","15949","6.5","184283","eternal-love.jpg"
"Stranger","Secret Forest,Bimilui Soop,Forest of Secrets,Bimil Uisup","Jun 10, 2017 - Jul 30, 2017","Saturday,Sunday","South Korea","70","16","Investigation,Psychological,Thriller,Detective,Suspense,Law,Mystery,Drama","비밀의 숲","Netflix,tvN","152","57","59 users","9.0","7417","Cold Man,Murder,Lawyer,Antisocial Personality Disorder,Wrongfully Accused,Alexithymia,Smart Female Lead,Corruption,Strong Female Lead,Prosecutor","18096","9.2","85887","stranger.jpg"
"Someday or One Day","Want to Meet You,Some Day or One Day,Some Day Or One Day?,想见你","Nov 17, 2019 - Feb 16, 2020","Sunday","Taiwan","72","13","Fantasy,Romance,Comedy,Mystery,Drama","想見你","CTV","1565","55","18 users","9.2","621","Doppelganger,Death,Heartbreak,Love Triangle,Parallel Dimension,Healing,Second Chance,Mental Illness,Time Travel,Youth","2642","9.2","437519","someday-or-one-day.jpg"
"The Gifted","The Gifted นักเรียนพลังกิฟต์,The Gifted Series,The Gifted Students","Aug  5, 2018 - Nov  4, 2018","Sunday","Thailand","55","13","Fantasy,Friendship,Supernatural,Sci-Fi,Thriller,School,Suspense,Youth","นักเรียนพลังกิฟต์","GMM One","974","58","32 users","9.1","1490","Super Powers,Child Abuse,Adapted From A Novel,Corruption,Multiple Mains","4222","8.4","2406","the-gifted.jpg"
"Goblin","Great God Who Falls in Love,쓸쓸하고 찬란하神-도깨비,The Lonely,Shining Goblin,Goblin: The Story of an Eternal,Sseulsseulhago Chalranhashin-Dokkaebi,Guardian: The Lonely and Great God,Dokkaebi","Dec  2, 2016 - Jan 21, 2017","Friday,Saturday","South Korea","82","16","Comedy,Supernatural,Romance,Melodrama","도깨비","tvN","2","59","229 users","9.0","39804","Older Man/Younger Woman,Secondary Couple,Soulmates,Age Gap,Rich Man/Poor Woman,Fate,Interspecies Romance,Bromance,Dokkaebi,Grim Reaper","66898","8.7","245132","goblin.jpg"
"The Untamed Special Edition","The Untamed Special Cut","Dec 25, 2019 - Feb  4, 2020","Tuesday,Wednesday,Thursday","China","60","20","Fantasy,Friendship,Wuxia,Action,Historical,Adventure,Mystery","陈情令特別剪辑版","Tencent Video","2428","60","4 users","9.3","453","Cold Male Lead,Tragic Past,Hidden Identity,Censored Romance,Calm Male Lead,Smart Male Lead,Funny Male Lead,Adapted From A Novel,Bromance,Xianxia","1542","","","the-untamed-special-edition.jpg"
"Reply 1988","Eungdabhara 1988,Answer To 1988,Respond To 1988,Respond 1988,Contéstame 1988,Answer Me 1988","Nov  6, 2015 - Jan 16, 2016","Friday,Saturday","South Korea","100","20","Friendship,Romance,Life,Family,Comedy,Youth","응답하라 1988","tvN","68","61","97 users","9.0","12963","Multiple Couples,Love Triangle,Childhood Friends,Poor Female Lead,High School,Sweet Second Male Lead,Neighbours,Slice Of Life,Bromance,Single Mother","27969","9.7","468402","reply-1988.jpg"
"Life on Mars","Laipeu On Maseu,Life on Mars Korea,Raipeu On Maseu","Jun  9, 2018 - Aug  5, 2018","Saturday,Sunday","South Korea","65","16","Supernatural,Investigation,Psychological,Action,Detective,Suspense,Comedy,Mystery,Drama","라이프 온 마스","OCN","357","68","25 users","9.0","4200","Western Series Remake,Slight Romance,Calm Male Lead,Smart Male Lead,Police Officer,Father-Son Relationship,Bromance,Strong Female Lead,1980s,Police Procedural","10422","9","40247","life-on-mars.jpg"
"Mr. Sunshine","Mister Sunshine,Miseuteo Shunshain","Jul  7, 2018 - Sep 30, 2018","Saturday,Sunday","South Korea","80","24","Military,Romance,Tragedy,Action,Historical,War","미스터 션샤인","Netflix,tvN","189","69","56 users","8.9","6047","Independent Female Lead,Pre-produced,Multi-lingual,Soldier,Humour,Smart Male Lead,Foreigner,Bromance,Strong Female Lead,Strong Male Lead","15974","8.9","19647","mr-sunshine.jpg"
"Six Flying Dragons","Roots of the Throne,Yukryongi Nareusya,Yookryongi Nareushya,Yookryongi Nareusha","Oct  5, 2015 - Mar 22, 2016","Tuesday,Monday","South Korea","60","50","Military,Friendship,Romance,Tragedy,Psychological,Thriller,Action,Historical,Martial Arts,Drama","육룡이 나르샤","SBS","281","73","24 users","8.9","3674","Aggressive Male Lead,Power Struggle,Ambition,Scheme,Morally Ambiguous Lead,Revolution,Political Intrigue,Political,Bromance,Sword-fight","12542","9.1","7138","six-flying-dragons.jpg"
"Dear My Friends","Dieo Mai Peurenjeu,My Dear Friend","May 13, 2016 - Jul  2, 2016","Friday,Saturday","South Korea","70","16","Friendship,Life,Melodrama,Family,Drama","디어 마이 프렌즈","tvN","762","75","12 users","9.0","1479","Mother-Daughter Relationship,Best Friends,Multiple Couples,Abusive Relationship,Female Centered Plot,Mother-Son Relationship,Senior Citizen,Life Lesson,Single Mother,Family Conflict","5366","9.5","33994","dear-my-friends.jpg"
"The Story of Ming Lan","庶女明兰传,知否知否應是綠肥紅瘦,知否？知否？应是绿肥红瘦,海棠依旧,Concubine's Daughter: Biography of Ming Lan,Don’t you know? The green should be plump and the red lean by,Do You Know? It Ought To Be a Wilting Flower Amongst The Lush Leaves,red and thin,Know whether it should be green","Dec 25, 2018 - Feb 13, 2019","Tuesday,Wednesday,Thursday,Monday,Friday,Sunday,Saturday","China","45","73","Romance,Historical,Political,Comedy,Drama","知否知否应是绿肥红瘦","Hunan TV","699","76","34 users","9.0","2196","Male Chases Female First,Adapted From A Novel,Revenge,Calm Female Lead,Evil Mother-in-law,Smart Male Lead,Grandma-Granddaughter Relationship,Smart Female Lead,Strong Female Lead,Strong Male Lead","5764","7.6","209455","the-story-of-ming-lan.jpg"
"Weightlifting Fairy Kim Bok Joo","Yeokdoyojung Kimbokjoo,Weightlifting Fairy,Weightlifting Fairy Kim Bok-ju,Kim Bokjoo","Nov 16, 2016 - Jan 11, 2017","Wednesday,Thursday","South Korea","60","16","Friendship,Romance,Sports,School,Comedy,Youth","역도요정 김복주","MBC","12","83","143 users","8.9","33774","Tomboy,Dream,Sismance,Bantering Relationship,Woman Loves Eating,Ex-girlfriend Comes Back,Nice Male Lead,College Life,Friends To Lovers,Male Chases Female First","54209","8.6","101362","weightlifting-fairy-kim-bok-joo.jpg"
"HIStory3: Trapped","HIStory 3: Quan Tao,The Trap","Apr 16, 2019 - Jun 12, 2019","Tuesday,Wednesday","Taiwan","25","20","Friendship,Romance,Investigation,Crime,Thriller,Action,Comedy,Mystery","HIStory 3 - 圈套","CHOCO TV,LINE TV","478","84","51 users","8.9","4827","Multiple Couples,Revenge,Bisexual Character,Enemies To Lovers,Hate To Love,Police Officer,LGBTQ+,Gangster,Gay Relationship,Gay Character","8003","7.7","11360","history3-trapped.jpg"
"Defendant","Pigoin,Innocent Defendant ‎","Jan 23, 2017 - Mar 21, 2017","Tuesday,Monday","South Korea","70","18","Thriller,Suspense,Law,Mystery,Drama","피고인","SBS","228","88","33 users","8.9","6041","Law Firm,Hatred,Greed,Mistake,Car Accident,Prisoner,Friends To Enemies,Flashback To Past,Competent Protagonist,Secret Crush","14518","8.4","14766","defendant.jpg"
"Chicago Typewriter","Sikago Tajagi","Apr  7, 2017 - Jun  3, 2017","Friday,Saturday","South Korea","70","16","Friendship,Supernatural,Romance,Political,Comedy,Mystery","시카고 타자기","tvN","121","89","69 users","8.9","9005","Character Development,Soulmates,Japanese Colonial Rule,Reincarnation,Strong Friendship,Bromance,Rebellion,Strong Female Lead,Writer,Time Travel","20065","7.7","7510","chicago-typewriter.jpg"
"Kill Me, Heal Me","Kilmihilmi,KMHM","Jan  7, 2015 - Mar 12, 2015","Wednesday,Thursday","South Korea","62","20","Comedy,Romance,Psychological,Drama","킬미힐미","MBC","16","90","175 users","8.9","26300","Rich Male Lead,Dissociative Identity Disorder,Boss/Employee Relationship,Mental Health,Rich Man/Poor Woman,Nice Male Lead,Heir,Psychiatry,Trauma,Psychiatrist","49108","8.8","73894","kill-me-heal-me.jpg"
"The Guest","Son: The Guest,手: 客人,Hand: The Guest","Sep 12, 2018 - Nov  1, 2018","Wednesday,Thursday","South Korea","65","16","Supernatural,Investigation,Horror,Thriller,Detective,Mystery","손: The Guest","OCN","429","95","38 users","8.9","3382","Death,Hot-tempered Male Lead,Teamwork,Strong Female Lead,Exorcism,Demon,Psychic,Strong Friendship,Shamanism,Priest","8817","7.9","24338","the-guest.jpg"
"Itaewon Class","Itaewon Keullasseu","Jan 31, 2020 - Mar 21, 2020","Friday,Saturday","South Korea","70","16","Friendship,Romance,Life,Business,Food,Drama,Youth","이태원 클라쓰","Netflix,jTBC","461","99","5 users","8.9","1249","Orphan Male Lead,Revenge,Restaurant,Boss/Employee Relationship,Adapted From A Webtoon,Nice Male Lead,Death Of A Parent,Smart Female Lead,Strong Female Lead,Tough Male Lead","8245","8.3","77071","itaewon-class.jpg"
"The Fiery Priest","Yeolhyeolsaje,Hot Blooded Priest,Enthusiastic Priest,Passionate Priest","Feb 15, 2019 - Apr 20, 2019","Friday,Saturday","South Korea","35","40","Friendship,Investigation,Crime,Action,Detective,Comedy,Law,Mystery,Drama","열혈사제","SBS","688","96","18 users","8.9","2299","Murder,Badass Male Lead,Eccentric Male Lead,Aggressive Male Lead,Attempted Murder,Impulsive Female Lead,Gangster,Church,Bromance,Priest","5840","8.1","1718","the-fiery-priest.jpg"
"Live","Laibeu,Raibeu","Mar 10, 2018 - May  6, 2018","Saturday,Sunday","South Korea","70","18","Friendship,Romance,Life,Action,Detective,Mystery","라이브","Netflix,tvN","436","100","31 users","8.9","3412","Gun Violence,Policewoman,Team Work,Strong Friendship,Police,Drinking,Police Officer,Strong Female Lead,Violence,Secret Crush","8597","9.2","41473","live.jpg"
"Incomplete Life","Misaeng","Oct 17, 2014 - Dec 20, 2014","Friday,Saturday","South Korea","80","20","Business,Friendship,Drama,Life","미생","tvN","197","109","46 users","8.8","6106","Office Worker,Workplace Abuse,Hardworking Female Lead,Adapted From A Webtoon,Nice Male Lead,Team Work,Smart Female Lead,Workplace,Strong Female Lead,Tough Female Lead","15506","9.3","63206","incomplete-life.jpg"
"Hanzawa Naoki","","Jul  7, 2013 - Sep 22, 2013","Sunday","Japan","54","10","Suspense,Business,Drama","半沢直樹","TBS","814","111","6 users","8.9","1765","Bank,Ikeido Jun,Office Worker,Idol Actor,Hey! Say! Jump,Nikkan Daily Sports Drama GP,Adapted From A Novel,Corruption","5014","9.2","161320","hanzawa-naoki.jpg"
"Story of Yanxi Palace","The Story of Yanxi Palace,Yan Xi's conquest,Yanxi Gonglue,The Tale of Yanxi Palace","Jul 19, 2018 - Aug 26, 2018","Tuesday,Wednesday,Thursday,Monday,Friday,Sunday,Saturday","China","45","70","Romance,Psychological,Historical,Comedy,Drama","延禧攻略","iQiyi","972","113","27 users","8.9","2034","Qianlong Emperor,Older Man/Younger Woman,Revenge,Sismance,Age Gap,Harem,Qing Dynasty,Betrayal,Strong Female Lead,Obsession","4226","7.2","290475","story-of-yanxi-palace.jpg"
"Romantic Doctor, Teacher Kim 2","The Romantic Doctor 2,Nangmandakteo Kimsaboo 2,Doctor Romantic 2,Romantic Doctor Kim 2,Good Things Get Better 2,Dr. Romantic 2","Jan  6, 2020 - Feb 25, 2020","Tuesday,Monday","South Korea","70","16","Medical,Romance,Drama,Melodrama","낭만닥터 김사부2","SBS","641","114","22 users","8.8","2279","Love–Hate Relationship,Hospital,Teamwork,Nurse,Nervous Female Lead,Smart Male Lead,Smart Female Lead,Trauma,Multiple Mains,Doctor","6166","8.4","11017","romantic-doctor-teacher-kim-2.jpg"
"TharnType","TharnType: The Series,TharnType S","Oct  7, 2019 - Jan  6, 2020","Monday","Thailand","50","12","Friendship,Romance,School,Family,Drama","Tharn Type The Series เกลียดนักมาเป็นที่รักกันซะดีๆ","GMM One","544","115","75 users","8.8","4390","Adapted From A Novel,Friends With Benefits,Steamy Kiss,Tragic Past,Enemies To Lovers,LGBTQ+,Gay Relationship,College Life,Roommate,Gay Character","7213","8.4","6216","tharntype.jpg"
"Project S: Skate Our Souls",",Skate Our Souls","Sep  9, 2017 - Nov 25, 2017","Saturday","Thailand","45","8","Friendship,Sports,Melodrama,Youth","โปรเจกต์ เอส เดอะซีรีส์: SOS","GMM 25","2424","116","9 users","9.0","594","Single Parent,Student,Depression,Suicide,High School,Psychology,Bromance,Self-harm,College Life","1547","9.3","1603","project-s-skate-our-souls.jpg"
"Ashes of Love","Heavy Sweetness,香蜜沉沉燼如霜,The Honey Sank Like Frost,Xiang Mi Chen Chen Jin Ru Shuang,Ash-like Frost","Aug  2, 2018 - Sep  4, 2018","Tuesday,Wednesday,Thursday,Monday,Friday,Sunday,Saturday","China","45","63","Fantasy,Friendship,Supernatural,Romance,Wuxia,Melodrama,Historical,Comedy,Drama","香蜜沉沉烬如霜","iQiyi,JSTV,Youku,Tencent Video","301","117","149 users","8.8","5587","Tearjerker,Obsession,Obsessive Second Lead,Love Triangle,Xianxia,Naive Female Lead,Adapted From A Novel,Sibling Rivalry,Male Chases Female First,Deity","12104","7.7","287192","ashes-of-love.jpg"
"Children of Nobody","Blue Sun,Red Moon,bulk-eun-dal pu-reun-hae,赤月青日,Blue Sea,Beuleundal Peureunhae","Nov 21, 2018 - Jan 16, 2019","Wednesday,Thursday","South Korea","35","32","Investigation,Crime,Psychological,Thriller,Detective,Mystery,Drama","붉은달 푸른해","MBC","671","120","16 users","8.8","2076","Murder,Domestic Violence,Orphan,Child Behavior Issues,Tragic Past,Abuse,Child Abuse,Smart Female Lead,Trauma,Strong Female Lead","5934","8.5","4463","children-of-nobody.jpg"
"Hotel del Luna","Hotel Delluna","Jul 13, 2019 - Sep  1, 2019","Saturday,Sunday","South Korea","80","16","Fantasy,Supernatural,Romance,Horror,Action,Suspense,Comedy,Mystery,Drama","호텔 델루나","tvN","84","121","109 users","8.8","12571","Warm Man/cold Woman,Ghost,Immortal,Calm Female Lead,Boss/Employee Relationship,Nice Male Lead,Hotel,Older Woman/Younger Man,Ghost-seeing Male Lead,Strong Female Lead","25160","8","90398","hotel-del-luna.jpg"
"Tunnel","Teoneol","Mar 25, 2017 - May 21, 2017","Saturday,Sunday","South Korea","60","16","Supernatural,Investigation,Sci-Fi,Crime,Psychological,Thriller,Detective,Suspense,Mystery","터널","OCN","185","123","32 users","8.8","7520","Stoic Characters,Attempted Assault,Calm Female Lead,Tragic Past,Serial Killer,Bromance,Strong Female Lead,Hwaseong Serial Murders,Time Travel,Smart Protagonist","16121","8.1","6556","tunnel.jpg"
"Arthdal Chronicles Part 2: The Sky Turning Inside Out, Rising Land","Aseudal,Part 2: Overturned Sky,The Chronicles of Aseudal,Aseudal Yeondaegi,The Asdal Chronicles,Asdal Chronicles,Part,Arthdal Chronicles: Season 2,Rising Land,The Chronicles of Arthdal,Asadal Chronicles,Part 2: The Sky Turning Inside Out,Awakening Earth","Jun 22, 2019 - Jul  7, 2019","Saturday,Sunday","South Korea","81","6","Fantasy,Romance,Historical,Political,Drama","아스달 연대기 Part 2 뒤집히는 하늘, 일어나는 땅","Netflix,tvN","635","125","9 users","8.8","3418","Pre-produced,Ambitious Lead,Murder Plan,Dance,Power Struggle,Conspiracy,Attempted Murder,War,Strong Female Lead,Multiple Mains","6257","7.3","6279","arthdal-chronicles-part-2-the-sky-turning-inside-out-rising-land.jpg"
"While You Were Sleeping","Dangshini Jamdeun Saie","Sep 27, 2017 - Nov 16, 2017","Wednesday,Thursday","South Korea","30","32","Fantasy,Friendship,Supernatural,Romance,Investigation,Crime,Thriller,Comedy,Law,Drama","당신이 잠든 사이에","SBS","20","128","102 users","8.8","24157","Murder,Tragic Past,Love Triangle,Precognition,Nice Male Lead,Childhood Acquaintance,Smart Male Lead,Neighbours,Strong Female Lead,Prosecutor","44652","8.2","81081","while-you-were-sleeping.jpg"
"Descendants of the Sun","The Sun's Descendants,Taeyangui Huye,Taeyangeui Huye","Feb 24, 2016 - Apr 14, 2016","Wednesday,Thursday","South Korea","60","16","Military,Romance,Action,Melodrama,Comedy,Medical","태양의 후예","KBS2","5","129","158 users","8.8","35334","Multiple Couples,Confident Man,Filmed Abroad,Soldier,Second Chance,Bromance,Strong Female Lead,Charming Male Lead,Male Chases Female First,Doctor","60429","7.9","171966","descendants-of-the-sun.jpg"
"It's Okay, That's Love","It's Alright This is Love,It's Love,Gwaenchana,It's Ok,It's Okay,This is Love,Gwaenchanha,Sarangiya","Jul 23, 2014 - Sep 11, 2014","Wednesday,Thursday","South Korea","60","16","Friendship,Romance,Psychological,Melodrama,Comedy,Medical,Drama","괜찮아, 사랑이야","SBS","23","130","147 users","8.8","23566","Writer,Mental Health,Cohabitation,Housemate,Psychiatry,Trauma,Strong Female Lead,Charming Male Lead,Male Chases Female First,Healing","42989","8.7","101107","its-okay-thats-love.jpg"
"The Bridal Mask","Gaksital,Bridal Mask,Doll Mask","May 30, 2012 - Sep  6, 2012","Wednesday,Thursday","South Korea","65","28","Romance,Tragedy,Investigation,Action,Historical,Political,Drama","각시탈","KBS2","116","136","91 users","8.8","8623","Vigilante,Adapted From A Manhwa,Revenge,Love Triangle,Hidden Identity,Japanese Colonial Rule,First Love,Police,Hate To Love,Rebellion","20761","8","1658","the-bridal-mask.jpg"
"Avengers Social Club","Buam-dong Avenger Social Club,Buam-dong Revengers,Buamdong Boksoojadeul,Buamdong Revenge Social Club,Bogsuja Sosyeolkeulleob,부암동 복수자 소셜클럽,Buamdong Revengers,Buam-dong Revenge Social Club","Oct 11, 2017 - Nov 16, 2017","Wednesday,Thursday","South Korea","60","12","Friendship,Life,Family,Comedy,Drama","부암동 복수자들","tvN","547","140","20 users","8.8","3011","Mother-Daughter Relationship,Revenge,Tragic Past,Sismance,Family Drama,Mother-Son Relationship,Smart Male Lead,Strong Female Lead,Strong Female Characters,Healing","7195","8.3","26042","avengers-social-club.jpg"
"Sotus","Sotus The Series P with Mr. Waugh bad one","Aug 20, 2016 - Jan  7, 2017","Saturday","Thailand","45","15","Friendship,Romance,School,Comedy,Drama,Youth","Sotus the Series พี่ว้ากตัวร้ายกับนายปีหนึ่ง","GMM One","316","141","90 users","8.8","7672","Cold Man/Warm Man,Multiple Couples,Bisexual Character,Enemies To Lovers,Hazing,LGBTQ+,Adapted From A Novel,Gay Character,Gay Relationship,College Life","11645","8.8","22839","sotus.jpg"
"Age of Youth","Cheongchunshidae,Hello,Youth Age,My Twenties!,Belle Epoque,Chungchoonshidae","Jul 22, 2016 - Aug 27, 2016","Friday,Saturday","South Korea","60","12","Friendship,Romance,Life,Comedy,Mystery,Drama,Youth","청춘시대","jTBC","74","144","75 users","8.8","15230","Coming Of Age,Multiple Couples,Sismance,Abusive Relationship,Female Centered Plot,Housemate,Strong Female Lead,Strong Female Characters,College Life,Multiple Mains","27004","8.8","25040","age-of-youth.jpg"
"HIStory2: Boundary Crossing","HIStory2-Love Over the Line,HIStory2-Crossing the Line,HIStory2: Yue Jie","Mar  6, 2018 - Mar 28, 2018","Tuesday,Wednesday","Taiwan","25","8","Friendship,Romance,Sports,School,Youth","HIStory2-越界","CHOCO TV","455","146","46 users","8.8","5714","Volleyball,Obsession,Steamy Kiss,Step-siblings Love,High School,Miniseries,LGBTQ+,Gay Relationship,Web Series,Gay Character","8302","8.6","15870","history2-boundary-crossing.jpg"
"Mother","Mazâ,Mazā","Apr 14, 2010 - Jun 23, 2010","Wednesday","Japan","45","11","Suspense,Family,Drama","マザー","NTV","528","150","17 users","8.8","1968","Motherhood,Alzheimer's Disease,Adoption,Child Abuse,Teacher,Kidnapping,Amnesia","7383","","","mother-2010.jpg"
"Partners for Justice 2","Investigation Couple Season 2,Investigation Partners Season 2,Gumbeobnamnyeo 2","Jun  3, 2019 - Jul 29, 2019","Tuesday,Monday","South Korea","35","32","Investigation,Law,Medical,Mystery,Drama","검법남녀 시즌2","MBC","1837","152","10 users","8.8","930","Rich Female Lead,Forensic Science,Prosecutor,Doctor","2187","8.6","2053","partners-for-justice-2.jpg"
"Unnatural","Annachuraru,Unnatural Death","Jan 12, 2018 - Mar 16, 2018","Friday","Japan","45","10","Suspense,Medical,Mystery,Investigation","アンナチュラル","TBS","1180","154","9 users","8.8","1410","Forensic,Strong Female Lead,Smart Female Lead,Police Procedural","3548","9.4","362292","unnatural.jpg"
"Kingdom","Kingdeom","Jan 25, 2019","Friday","South Korea","51","6","Horror,Thriller,Action,Historical,Political,Suspense,Zombies","킹덤","Netflix","353","158","30 users","8.8","5503","Joseon Dynasty,Death,King,Adapted From A Webtoon,Power Struggle,Evil Queen,Gore,Corruption,Strong Male Lead,Doctor","10590","8.5","103688","kingdom.jpg"
"You Who Came from the Stars",",You From Another Star,My Love from the Star,que viniste de las estrellas,Man From The Stars,별에서 온 남자,My Lover From The Stars,You Came From the Stars,Byeoleseo On Namja,Tú,My Love from Another Star,Byeoleseo On Geudae,Man From Another Star,Mi amor de las","Dec 18, 2013 - Feb 27, 2014","Wednesday,Thursday","South Korea","58","21","Supernatural,Romance,Melodrama,Comedy,Drama","별에서 온 그대","SBS","3","162","195 users","8.7","39004","Steamy Kiss,Sassy Female Lead,Interspecies Romance,Time Manipulation,Superhuman Strength,Special Power,Female Chases Male First,Famous Actress,Star Crossed Lovers,Celebrity","63245","8.4","243199","you-who-came-from-the-stars.jpg"
"Strangers from Hell","Hell Is Other People,Taineun Jiokida,Others Are Hell,Taineun Jiogida","Aug 31, 2019 - Oct  6, 2019","Saturday,Sunday","South Korea","60","10","Horror,Psychological,Thriller,Mystery,Drama","타인은 지옥이다","OCN","502","161","20 users","8.8","2711","Murder,Obsession,Workplace Abuse,Hostel,Adapted From A Webtoon,Dark Plot,Hot-tempered Male Lead,Gaslighting,PTSD,Mental Illness","7708","8.4","55091","strangers-from-hell.jpg"
"Eulachacha Waikiki","Laughter in Waikiki,Welcome to Waikiki,Go Go Waikiki","Feb  5, 2018 - Apr 17, 2018","Tuesday,Monday","South Korea","65","20","Friendship,Romance,Life,Comedy,Drama,Youth","으라차차 와이키키","jTBC","144","163","47 users","8.7","8738","Motherhood,Single Parent,Secondary Couple,Babysitting,Funny Character,Cohabitation,Housemate,Bromance,Friends To Lovers,Single Mother","18437","8.6","32707","eulachacha-waikiki.jpg"
"Just Between Lovers","Rain or Shine,Geunyang Saranghaneun Sai,Just Lovers,Just In Love","Dec 11, 2017 - Jan 30, 2018","Tuesday,Monday","South Korea","73","16","Romance,Psychological,Melodrama","그냥 사랑하는 사이","jTBC","79","164","101 users","8.7","11899","Tearjerker,Tragic Past,Hardworking Female Lead,Hardworking Male Lead,Nice Male Lead,Poor Female Lead,Poor Male Lead,Trauma,Slow Burn Romance,Strong Male Lead","26233","8.5","8184","just-between-lovers.jpg"
"Battle of Changsha","战长沙","Mar  8, 2014 - Mar 19, 2014","Tuesday","China","45","32","Military,Romance,Tragedy,Life,Historical,Family,War","戰長沙","BTV","1154","166","21 users","8.8","1046","Tearjerker,Death,Older Man/Younger Woman,Sino-japanese War,World War 2,Age Gap,Soldier,Siblings Relationship,Adapted From A Novel,Siblinghood","3630","9.1","133641","battle-of-changsha.jpg"
"The Master's Sun","Master's Sun,The Sun of My Master,The Sun Of The Lord","Aug  7, 2013 - Oct  3, 2013","Wednesday,Thursday","South Korea","62","17","Supernatural,Romance,Horror,Psychological,Melodrama,Comedy,Drama","주군의 태양","SBS","17","165","157 users","8.7","29110","Ghost,Rich Male Lead,Secondary Couple,Arrogant Male Lead,Eccentric Female Lead,Heir,Successful Male Lead,Trauma,Obsession,Clingy Female Lead","47144","8.6","96499","the-masters-sun.jpg"
"My Father is Strange","Father is Strange,Abeojiga Isanghae","Mar  4, 2017 - Aug 27, 2017","Saturday,Sunday","South Korea","66","52","Comedy,Family,Romance,Drama","아버지가 이상해","KBS2","295","167","35 users","8.7","5171","Sisterhood,Huge Family,Fake Incest,Evil Mother-in-law,Sibling,Mother-Son Relationship,Eccentric Female Lead,Family Secret,Father-Son Relationship,Strong Female Lead","12194","8.6","4601","my-father-is-strange.jpg"
"Reply 1997","Answer Me 1997,Respond 1997,Eungdabhara 1997,Respond To 1997,Answer To 1997,Contéstame 1997","Jul 24, 2012 - Sep 18, 2012","Tuesday","South Korea","60","16","Friendship,Romance,Life,School,Family,Comedy,Youth","응답하라 1997","tvN","25","168","115 users","8.7","23361","Mother-Daughter Relationship,Best Friends,First Love,Childhood Friends,High School,Strong Friendship,Father-Daughter Relationship,Friends To Lovers,Male Chases Female First,1990s","42113","9","89738","reply-1997.jpg"
"Strong Woman Do Bong Soon","Strong Girl Do Bong Soon,Strong Woman Do Bong-soon,Himsseonyeoja Dobongsun,Powerful Woman Do Bong Soon,A Strong Woman Do Bongsoon,Strong Girl Bong-soon","Feb 24, 2017 - Apr 15, 2017","Friday,Saturday","South Korea","67","16","Supernatural,Romance,Thriller,Action,Comedy,Drama","힘쎈여자 도봉순","jTBC","6","169","158 users","8.7","37618","Fluffy,Strong Girl,Love Triangle,Rich Man/Poor Woman,Psychopath,Bodyguard,Superhuman Strength,Amusement Park,Bromance,Strong Female Lead","58587","7.8","43092","strong-woman-do-bong-soon.jpg"
"Eternal Love of Dream","San Sheng San Shi Zhen Shang Shu,The Pillow Book,三生三世枕上書,Three Worlds,Three Lives,Eternal Love","Jan 22, 2020 - Mar  5, 2020","Thursday,Friday,Saturday","China","45","56","Fantasy,Friendship,Supernatural,Romance,Wuxia,Melodrama,Historical,Adventure,Drama","三生三世枕上书","Tencent Video","809","170","23 users","8.9","637","Immortal,Older Man/Younger Woman,Love Triangle,Cold Man/Warm Woman,Princess,Age Gap,Nine-tailed Fox,God,Adapted From A Novel,Xianxia","5045","6.3","204770","eternal-love-of-dream.jpg"
"Chief Kim","Good manager,Kimgwajang,Mister Kim,Kim Gwajang","Jan 25, 2017 - Mar 30, 2017","Wednesday,Thursday","South Korea","60","20","Business,Drama,Comedy","김과장","KBS2","208","177","44 users","8.7","6482","Eccentric Male Lead,Character Development,Con Artist,Hilarious Male Lead,Smart Male Lead,Minimal Romance,Strong Friendship,Smart Female Lead,Bromance,Accountant","14995","8.4","5312","chief-kim.jpg"
"Because This is My First Life","Yibun Saengeun Cheoeumira,This Life is Our First,Ibeon Saengeun Cheoeumira","Oct  9, 2017 - Nov 28, 2017","Tuesday,Monday","South Korea","70","16","Comedy,Friendship,Romance,Life","이번 생은 처음이라","tvN","51","176","117 users","8.7","17996","Multiple Couples,Sismance,Socially Awkward Protagonist,Cohabitation,Nerdy Male Lead,Poor Female Lead,Housemate,Contract Relationship,Marriage Of Convenience,Writer","30901","8.5","82893","because-this-is-my-first-life.jpg"
"I Hear Your Voice","Neoui Moksoriga Deulleo,The Voice You Can't Hear,I Can Hear Your Voice","Jun  5, 2013 - Aug  1, 2013","Wednesday,Thursday","South Korea","60","18","Supernatural,Romance,Thriller,Law,Mystery,Drama","너의 목소리가 들려","SBS","15","181","152 users","8.7","27686","Mind Reading,Lawyer,Revenge,Amnesia,Age Gap,Special Power,Older Woman/Younger Man,Trauma,Strong Female Lead,Male Chases Female First","49149","8.6","128542","i-hear-your-voice.jpg"
"Nirvana in Fire 2: The Wind Blows in Chang Lin","Lang Ya Bang Zhi Feng Qi Chang Lin,Lang Ya Bang 2,Nirvana In Fire Season 2: The Wind Blows in Chang Lin","Dec 18, 2017 - Feb 12, 2018","Tuesday,Wednesday,Monday","China","45","50","Military,Political,Romance,Wuxia,Historical,Family,Martial Arts,War,Drama","琅琊榜之风起长林","Dragon TV,BTV","1381","180","22 users","8.8","982","Coup D'etat,Death,Revenge,Royalty,Skilled Killer,Power Struggle,Scheme,Betrayal,Bromance,Sword-fight","3008","8.5","118277","nirvana-in-fire-2-the-wind-blows-in-chang-lin.jpg"
"Go Back Couple","Go Back Spouses,Confession Couple,Confession Spouses","Oct 13, 2017 - Nov 18, 2017","Friday,Saturday","South Korea","70","12","Supernatural,Romance,Life,School,Family,Comedy,Drama","고백부부","KBS2","207","182","59 users","8.7","7774","Misunderstanding,Mother-Daughter Relationship,Student,Adapted From A Manhwa,Love–Hate Relationship,Married Couple,Sassy Female Lead,Marriage,1990s,Time Travel","15054","8.4","7657","go-back-couple.jpg"
"Jewel in the Palace","Great Jang Geum,Una joya en el palacio,Dae Jang Geum","Sep 15, 2003 - Mar 23, 2004","Tuesday,Monday","South Korea","65","54","Romance,Melodrama,Historical,Food,Medical,Drama","대장금","MBC","390","186","14 users","8.7","4687","Joseon Dynasty,Royal Physician,Power Struggle,Smart Female Lead,Royal Cook,Strong Female Lead,Cooking","9560","8.3","43815","jewel-in-the-palace.jpg"
"Bad Guys","Na ppeun nyeo seok deul,Bad Boys","Oct  4, 2014 - Dec 13, 2014","Saturday","South Korea","65","11","Investigation,Crime,Psychological,Thriller,Action","나쁜 녀석들","OCN","134","187","48 users","8.7","8561","Murder,Death,Serial Killer,Psychopath,Team Work,Smart Male Lead,Police,Gangster,Police Officer,Violence","19041","8.3","24484","bad-guys.jpg"
"Kazoku Game","The Family Game","Apr 17, 2013 - Jun 19, 2013","Wednesday","Japan","46","10","Life,Psychological,School,Family,Mystery,Drama","家族ゲーム","Fuji TV","492","188","17 users","8.7","3070","Eccentric Male Lead,Jealousy,Abuse,Nikkan Daily Sports Drama GP,Arashi,Housewife Bullying,High School,Infidelity,Adapted From A Novel,Mentor","7809","8.1","39882","kazoku-game.jpg"
"Rebel: Thief Who Stole the People","Yeokjeok Honggildong,The Rebel,역적 홍길동,Rebel Hong Gil Dong,Yeokjuk: Baeksungeul Hoomchin Dojuk,Traitor Hong Gil Dong","Jan 30, 2017 - May 16, 2017","Tuesday,Monday","South Korea","60","30","Friendship,Romance,Thriller,Action,Melodrama,Historical,Political,Drama","역적: 백성을 훔친 도적","MBC","405","192","27 users","8.7","3081","Joseon Dynasty,Long Lost Sibling,Smart Male Lead,Discrimination,Minimal Romance,Rebellion,Bromance,Corruption,Strong Male Lead,Underdog","9237","8.1","480","rebel-thief-who-stole-the-people.jpg"
"Designated Survivor: 60 Days","60-il - Jijeongsaengjonja,60 Days,Jijeongsaengjonja,Designated Survivor,지정생존자","Jul  1, 2019 - Aug 20, 2019","Tuesday,Monday","South Korea","70","16","Suspense,Drama,Political","60일 - 지정생존자","Netflix,tvN","1263","191","9 users","8.8","1278","Blue House,National Intelligence Service,Western Series Remake,National Assembly,Teamwork,Terrorism,Power Struggle,Conspiracy,Scheme,Team Work","3329","8.5","4746","designated-survivor-60-days.jpg"
"Empress Ki","Qi Empress,The Empress Ki,Battle of Flowers,Gi Hwang-hu,Hwatu,화투","Oct 28, 2013 - Apr 29, 2014","Tuesday,Monday","South Korea","65","51","Romance,Tragedy,Melodrama,Historical,Political,Drama","기황후","MBC","118","193","83 users","8.7","8630","Cross-Dressing,Goryeo Dynasty,Love Triangle,Royalty,Power Struggle,Harem,Female Lead Action Scenes,Female Warrior,Older Woman/Younger Man,Strong Female Lead","20612","7.1","6070","empress-ki.jpg"
"Cruel City","Moojungdoshi,Undercover,Heartless City,Eundeukobo","May 27, 2013 - Jul 30, 2013","Tuesday,Monday","South Korea","60","20","Friendship,Romance,Tragedy,Investigation,Crime,Action,Detective,Suspense","무정도시","jTBC","177","198","88 users","8.7","7163","Orphan Male Lead,Badass Male Lead,Orphan Female Lead,Gang,Drug Dealer,Undercover Agent,Betrayal,Bromance,Strong Female Lead,Strong Male Lead","16603","8.1","4265","cruel-city.jpg"
"Tenno no Ryoriban","Emperor's Cook,The Emperor's Cook","Apr 26, 2015 - Jul 12, 2015","Sunday","Japan","55","12","","天皇の料理番","TBS","1262","199","9 users","0","0","Meiji Period,Adapted From A Novel,Western Food,Showa Era,Based On True Story,Chef,Taisho Period,Royal Cook,French Cuisine","3332","8.4","12475","tenno-no-ryoriban.jpg"
"Guardian","Zhen Hun","Jun 13, 2018 - Jul 25, 2018","Wednesday,Thursday","China","45","40","Fantasy,Friendship,Investigation,Detective,Mystery","镇魂","Youku","662","205","41 users","8.7","2155","Strong Chemistry,Censored Romance,Team Work,Lovers Separated,Reincarnation,Adapted From A Web Novel,Adapted From A Novel,Bromance,Star Crossed Lovers,Supernatural Power","5982","6.7","6541","guardian.jpg"
"Hot Stove League","Seutobeurigeu,Stopbrig,Stove League,Seutobeuligeu","Dec 13, 2019 - Feb 14, 2020","Friday,Saturday","South Korea","62","16","Sports,Drama,Melodrama","스토브리그","SBS","1465","203","10 users","8.8","972","Mature Protagonist,Cold Man,Hardworking Female Lead,Hardworking Male Lead,Team Work,Baseball,Competent Protagonist,General Manager,Successful Male Lead,Workplace","2824","9.3","35872","hot-stove-league.jpg"
"Beautiful World","Areumdawoon Sesang,A Beautiful World,Areumdaun Sesang","Apr  5, 2019 - May 25, 2019","Friday,Saturday","South Korea","60","16","Tragedy,Investigation,Life,Melodrama,School,Family,Suspense,Drama","아름다운 세상","jTBC,Viki","1311","208","13 users","8.8","1017","Tearjerker,Student,Married Couple,School Bullying,Sibling,Teacher,Strong Female Lead,Violence","3197","8.4","1480","beautiful-world.jpg"
"Save Me","Goohaejwoe,Rescue Me","Aug  5, 2017 - Sep 24, 2017","Saturday,Sunday","South Korea","60","16","Friendship,Psychological,Thriller,Action,Suspense,Mystery,Drama","구해줘","OCN","195","209","47 users","8.7","6107","Manipulative Character,Dark Plot,Adapted From A Webtoon,Cult,Odd Characters,Deception,Church,Smart Female Lead,Strong Female Lead,Strong Male Lead","15667","7.6","2914","save-me.jpg"
"Moon Lovers: Scarlet Heart Ryeo","Scarlet Heart: Goryeo,Scarlet Heart: Ryeo,Dalui Yeonin - Bobogyungsim Ryeo,Moon Lovers – Scarlet Heart: Ryeo,Time Slip: Ryeo,Moon Lovers,Daleui Yeonin - bobogyeongsim Ryeo","Aug 29, 2016 - Nov  1, 2016","Tuesday,Monday","South Korea","60","20","Romance,Tragedy,Action,Melodrama,Historical,Political,Drama","달의 연인 - 보보경심 려","SBS","18","211","156 users","8.7","26600","Death,Goryeo Dynasty,Character Development,Love Triangle,Gwangjong Of Goryeo,Power Struggle,Reverse-Harem,Adapted From A Novel,Male Chases Female First,Time Travel","46684","6.9","34188","moon-lovers-scarlet-heart-ryeo.jpg"
"Le Coup de Foudre","I Don't Like This World,Wo Zhi Xi Huan Ni,I Only Like You,Love at First Sight,我不喜欢这世界，我只喜欢你,Wo Bu Xi Huan Zhe Shi Jie","Apr 29, 2019 - Jun  3, 2019","Tuesday,Wednesday,Monday","China","45","35","Friendship,Romance,Life,Business,Youth","我只喜欢你","Youku,Tencent Video","665","213","50 users","8.7","2655","Multiple Couples,Sismance,Filmed Abroad,Sibling,Lovers Separated,Marriage,High School,High School To Working Life,Adapted From A Novel,Friends To Lovers","5978","7.5","66150","le-coup-de-foudre.jpg"
"Circle","Sseokeul: Ieojin Du Segye,Circle: Two Connected Worlds,Sseokeul: Yieojin Doo Segye","May 22, 2017 - Jun 27, 2017","Tuesday,Monday","South Korea","60","12","Investigation,Sci-Fi,Psychological,Mystery,Drama","써클: 이어진 두 세계","tvN","200","216","40 users","8.7","5909","Alien,Calm Female Lead,Idol Actor,Teamwork,Scientist,Strong Friendship,Smart Female Lead,Bromance,Future,Strong Female Lead","15251","8","3059","circle.jpg"
"The King’s Avatar","电视剧全职高手,Full-time master,Quan Zhi Gao Shou,Dian Shi Ju Quan Zhi Gao Shou","Jul 24, 2019 - Aug 30, 2019","Thursday,Friday,Saturday","China","45","40","Fantasy,Friendship,Sports,Action,Adventure","全职高手","iQiyi","438","218","39 users","8.7","2688","Mature Protagonist,Gamers,Team Mates,Game,Teamwork,Professional Gaming,Strategist Gaming,Online Gaming,E-sport Industry,Strong Female Characters","8560","7.4","111863","the-kings-avatar.jpg"
"When the Camellia Blooms","Dongbaek-kkot pil muryeop,Dongbaekkkot pil mooryeob,Camellia Blooms,Dong-baek-ggoch pil mu-ryeob,Dongbaekkkot pil muryeop,Dongbaekggoch Pil Muryeob,When Camellia Blooms","Sep 18, 2019 - Nov 21, 2019","Wednesday,Thursday","South Korea","35","40","Romance,Thriller,Family,Comedy,Drama","동백꽃 필 무렵","Netflix,KBS2","327","215","20 users","8.7","4726","Motherhood,Murder,Male Chases Female First,Serial Killer,Hardworking Female Lead,Mother-Son Relationship,Police Officer,Dorky Male Lead,Mystery,Single Mother","11246","8.5","24867","when-the-camellia-blooms.jpg"
"Be Melodramatic","The Nature of a Melo,여의도 스캔들,Melloga Chejil,Melo is My Nature,Yeoeuido Scandal,Melo Suits Me,Romance Is My Disposition","Aug  9, 2019 - Sep 28, 2019","Friday,Saturday","South Korea","65","16","Friendship,Romance,Life,Melodrama,Comedy","멜로가 체질","jTBC,Viki","622","219","22 users","8.7","2180","Single Parent,Best Friends,Multiple Couples,Sismance,Female Centered Plot,Entertainment Industry,Housemate,Strong Female Lead,Single Mother,Multiple Mains","6377","9.2","49281","be-melodramatic.jpg"
"Romantic Doctor, Teacher Kim","Good Things Get Better,Romantic Doctor Kim Sa Bu,The Romantic Doctor,Doctor Romantic,Dr Romantic","Nov  7, 2016 - Jan 16, 2017","Tuesday,Monday","South Korea","60","20","Medical,Romance,Drama","낭만닥터 김사부","SBS","161","221","25 users","8.7","8485","Hidden Identity,Hardworking Female Lead,Hardworking Male Lead,Smart Male Lead,Competent Boss,Trauma,Strong Female Lead,Strong Female Characters,Male Chases Female First,Doctor","17555","8.7","16729","romantic-doctor-teacher-kim.jpg"
"2gether","คั่นกู,2gether: The Series,Because we are together","Feb 21, 2020 - May 15, 2020","Friday","Thailand","50","13","Comedy,Romance,Drama","เพราะเราคู่กัน","GMM 25","1216","195","13 users","8.9","679","Multiple Couples,Pretend Relationship,LGBTQ+,Adapted From A Novel,Gay Character","3447","9.3","12769","2gether.jpg"
"Tonbi","","Jan 13, 2013 - Mar 17, 2013","Sunday","Japan","54","10","Family,Drama,Life","とんび","TBS","951","225","4 users","8.8","896","Single Parent,Shigematsu Kiyoshi,Nikkan Daily Sports Drama GP,Death Of A Parent,Marriage,Neighbours,Adapted From A Novel,Father-Son Relationship,Marriage Proposal","4305","9.1","3908","tonbi.jpg"
"He's Coming To Me","They're Celebrating Qingming Festival Next To My Grave","Mar  7, 2019 - Apr 25, 2019","Thursday","Thailand","65","8","Fantasy,Friendship,Supernatural,Romance,Comedy,Mystery,Drama","เขามาเชงเม้งข้างๆหลุมผมครับ","LINE TV","826","224","52 users","8.7","2209","Ghost,Tragedy,Tragic Past,Love Triangle,Nice Male Lead,Interspecies Romance,Adapted From A Novel,Ghost-seeing Male Lead,Gay Relationship,Gay Character","4931","8.6","3475","hes-coming-to-me.jpg"
"Bpoop Phaeh Saniwaat","Bhuppae Sunniwat,Buppesannivas,Buppe San Nivas,Love Destiny","Feb 21, 2018 - Apr 11, 2018","Wednesday,Thursday","Thailand","110","15","Fantasy,Supernatural,Romance,Historical,Family,Political,Comedy,Drama","บุพเพสันนิวาส","Channel 3","1555","227","24 users","8.7","1343","Hidden Identity,Sassy Female Lead,Strong Female Lead,Nice Male Lead,Cohabitation,Calm Male Lead,Eccentric Female Lead,Reincarnation,Fated Love,Time Travel","2655","8.2","13005","bpoop-phaeh-saniwaat.jpg"
"Why R U?","Why Are You: The Series,Why R U?: The Series,Why Are You The One,Why RU?,Why are you?,The One to Me","Jan 24, 2020 - Apr 10, 2020","Friday","Thailand","65","12","Fantasy,Friendship,Romance","เพราะรักใช่ป่าว","LINE TV,GMM One","895","238","4 users","8.8","961","Multiple Couples,Love–Hate Relationship,Hardworking Male Lead,Enemies To Lovers,Hate To Love,Adapted From A Novel,LGBTQ+,Comedy,Gay Relationship,Gay Character","4538","7.8","1209","why-r-u.jpg"
"Love by Chance","My Accidental Love is You,Bangoen Rak,รักนี้บังเอิญคือคุณ","Aug  3, 2018 - Nov  9, 2018","Friday","Thailand","50","14","Friendship,Romance,Life,School,Youth","บังเอิญรัก","LINE TV,GMM 25","338","230","94 users","8.7","6752","Rich Male Lead,Multiple Couples,Steamy Kiss,Step-siblings Love,LGBTQ+,Adapted From A Novel,College Life,Gay Relationship,Gay Character,Multiple Mains","10833","8.6","12866","love-by-chance.jpg"
"Search: WWW","Geomsaekeoreul Ibryeokhaseyo: WWW,Type in Search Word: WWW,Search Query: WWW,WWW","Jun  5, 2019 - Jul 25, 2019","Wednesday,Thursday","South Korea","70","16","Friendship,Romance,Life,Business,Family,Comedy,Drama","검색어를 입력하세요: WWW","tvN","260","232","45 users","8.7","5614","IT Industry,Independent Female Lead,Data Manipulation,Social Media,Sismance,Female Centered Plot,Team Work,Smart Female Lead,Older Woman/Younger Man,Strong Female Lead","13163","8.4","37806","search-www.jpg"
"Autumn's Concerto","Xing Fu,Next Stop,Happiness,Xia Yi Zhan","Oct  4, 2009 - Feb 28, 2010","Sunday","Taiwan","90","34","Family,Romance,Drama","下一站，幸福","TTV","194","234","78 users","8.7","8486","Tearjerker,Forbidden Love,Steamy Kiss,Love Triangle,Hidden Identity,Rich Man/Poor Woman,University,Amnesia,Liar Female Lead,Male Chases Female First","15675","8.2","50376","autumns-concerto.jpg"
"Age of Youth 2","Age of Youth Season 2,Hello,Cheongchunshidae 2,Chungchoonshidae 2,Youth Age 2,My Twenties! 2","Aug 25, 2017 - Oct  7, 2017","Friday,Saturday","South Korea","60","14","Friendship,Romance,Life,Comedy,Mystery,Drama,Youth","청춘시대 2","jTBC","217","236","33 users","8.7","8460","Multiple Couples,Sismance,Female Centered Plot,Taller Woman/Shorter Man,Housemate,Trauma,College Life,Multiple Mains","14792","8.4","9770","age-of-youth-2.jpg"
"Arthdal Chronicles Part 3: The Prelude To All Legends","Aseudal,The Chronicles of Aseudal,Aseudal Yeondaegi,The Asdal Chronicles,Asdal Chronicles,The Chronicles of Arthdal,Part 3: Arth,Asadal Chronicles,The Prelude to All Legends","Sep  7, 2019 - Sep 22, 2019","Saturday,Sunday","South Korea","80","6","Fantasy,Romance,Historical,Political,Drama","아스달 연대기 Part 3 아스, 그 모든 전설의 서곡","Netflix,tvN","776","239","12 users","8.7","2718","Gruesome Murder,Pre-produced,Identical Twins,Ambitious Lead,Revenge,Power Struggle,War,Twins,Supernatural Power,Execution","5302","7.3","6279","arthdal-chronicles-part-3-the-prelude-to-all-legends.jpg"
"Soredemo, Ikite Yuku","Life Goes On,Still","Jul  7, 2011 - Sep 15, 2011","Thursday","Japan","54","11","Family,Psychological,Drama","それでも、生きてゆく","Fuji TV","1143","241","11 users","8.7","1064","Healing","3663","8.6","14614","soredemo-ikite-yuku.jpg"
"Together with Me","Together with Me the Series,Together With Me","Aug 24, 2017 - Oct  5, 2017","Wednesday,Thursday","Thailand","50","13","Comedy,Friendship,Romance,Life","Together with Me อกหักมารักกับผม","LINE TV","415","240","57 users","8.7","5519","Multiple Couples,Steamy Kiss,Teacher/student,Love Triangle,Childhood Friends,Adapted From A Web Novel,Gay Relationship,College Life,Friends To Lovers,Gay Character","8992","7.7","4016","together-with-me.jpg"
"Go Go Squid!","Honey Stewed Squid,Qin Ai De,蜜汁炖鱿鱼,Dear love,Re Ai De,Mi Zhi Dun You Yu,Stewed Squid with Honey,Go! Go! Cinderella's Unrequited Love,亲爱的热爱的,親愛的. 熱愛的","Jul  9, 2019 - Jul 31, 2019","Tuesday,Wednesday,Thursday,Monday,Friday,Sunday,Saturday","China","45","41","Friendship,Romance,Business,School,Comedy,Youth","亲爱的，热爱的","iQiyi,ZJTV,Dragon TV","387","242","76 users","8.7","4848","Older Man/Younger Woman,Dream,Cold Man/Warm Woman,Age Gap,Love At First Sight,Rivalry,Female Chases Male First,Gaming,Competent Protagonist,Adapted From A Novel","9659","6.6","302407","go-go-squid.jpg"
"Sotus S","","Dec  9, 2017 - Mar 10, 2018","Saturday","Thailand","45","13","School,Romance,Drama","Sotus S the Series","GMM One","471","244","29 users","8.7","4789","Multiple Couples,Adapted From A Web Novel,LGBTQ+,Gay Relationship,Workplace,Gay Character","8087","8.3","6966","sotus-s.jpg"
"3 Nen A Gumi: Ima kara Mina-san wa, Hitojichi Desu","3 Nen A Kumi: Ima kara Mina-san wa,Mr. Hiiragi's Homeroom,Sannen A-gumi - imakara minasan wa,Class 3A - All of You Are Hostages From Now On,Hitojichi Desu,hitojichi desu -","Jan  6, 2019 - Mar 10, 2019","Sunday","Japan","54","10","Friendship,Psychological,Action,School,Suspense,Mystery,Drama","3年A組 ―今から皆さんは、人質です―","NTV","1174","245","15 users","8.7","1495","Eccentric Male Lead,Student,Death,School Bullying,Suicide,Life Lesson,High School,Hostage,Smart Male Lead,Teacher","3577","8.5","84534","3-nen-a-gumi-ima-kara-mina-san-wa-hitojichi-desu.jpg"
"Queen Seon Duk","Queen Seon Deok,Seondeok Yeo Wang,善德女王,The Great Queen Seondeok,Seondeok Yeowang","May 25, 2009 - Dec 22, 2009","Tuesday,Monday","South Korea","65","62","Political,Romance,Tragedy,Historical,War,Drama","선덕여왕","MBC","488","246","19 users","8.7","3130","Coup D'etat,Female Rivalry,Cross-Dressing,Female Antagonist,Hidden Identity,Power Struggle,Throne Successor,Political Intrigue,Smart Female Lead,Strong Female Lead","7846","8.6","4104","queen-seon-duk.jpg"
"Juhan Shuttai!","Sleepeeer Hit!,Second Edition Occurance!","Apr 12, 2016 - Jun 14, 2016","Tuesday","Japan","54","10","Business,Drama,Life,Comedy","重版出来!","TBS","1716","250","8 users","8.7","905","Adapted From A Manga","2377","9.2","63116","juhan-shuttai.jpg"
"Ouroboros",",Seigi,Ouroboros - Kono Ai koso","Jan 16, 2015 - Mar 20, 2015","","Japan","46","10","Tragedy,Investigation,Crime,Action,Detective,Suspense","ウロボロス この愛こそ、正義","TBS","360","252","23 users","8.6","3801","Orphan Male Lead,Hidden Identity,Secret Organization,Mafia,Smart Male Lead,Trauma,Police Officer,Father-Son Relationship,Bromance,Secret Relationship","10364","8.3","59347","ouroboros.jpg"
"The Princess' Man","Gongjooeui Namja,Princess' Man,Kongjooui Namja","Jul 20, 2011 - Oct  6, 2011","Wednesday,Thursday","South Korea","65","24","Historical,Romance,Action,Political","공주의 남자","KBS2","209","255","82 users","8.6","6536","Joseon Dynasty,Forbidden Love,Death,Princess,Power Struggle,Family Pressure,Impulsive Female Lead,Strong Female Lead,Star Crossed Lovers,Strong Male Lead","14971","7.9","7535","the-princess-man.jpg"
"W","W-두 개의 세계,W – Two Worlds,W – Two Worlds Apart","Jul 20, 2016 - Sep 14, 2016","Wednesday,Thursday","South Korea","60","16","Fantasy,Romance,Thriller,Action,Melodrama,Suspense,Comedy,Drama","더블유","MBC","7","256","164 users","8.6","34113","Murder,Crossworlds Traveler,Rich Male Lead,Steamy Kiss,Webtoon Artist,Serial Killer,Parallel Dimension,Lovers Separated,Heartfelt,Star Crossed Lovers","57208","7.9","152180","w.jpg"
"Thirty But Seventeen","30 but 17,but Seventeen,Seoreunijiman Yeolilgobibmida,Thirty,Still 17","Jul 23, 2018 - Sep 18, 2018","Tuesday,Monday","South Korea","35","32","Friendship,Romance,Life,Family,Music,Comedy,Mystery,Drama","서른이지만 열일곱입니다","SBS","117","260","51 users","8.6","10806","Eccentric Male Lead,Tragic Past,Love Triangle,First Love,Socially Awkward Protagonist,Naive Female Lead,Cohabitation,Trauma,Nice Female Lead,Healing","20742","7.5","6425","thirty-but-seventeen.jpg"
"dele","","Jul 27, 2018 - Sep 14, 2018","Friday","Japan","48","8","Friendship,Investigation,Life,Business,Crime,Mystery,Drama","ディーリー","TV Asahi","2032","262","6 users","8.7","732","Cold Man,Eccentric Male Lead,Death,Episodic Format,Disabled Character,Tragic Past,Nice Male Lead,Hacker,Bromance,Disability","1958","8.5","40864","dele.jpg"
"Doctor John","Dagteolum,The Doctor Room,통증의사 차요한,Pain Doctor Cha Yo Han,Doctor's Room,Tongjeunguisa Chayohan,Doctor Cha,Uisa Yohan,닥터룸,Doctor Room,The Doctor's Room","Jul 19, 2019 - Sep  7, 2019","Friday,Saturday","South Korea","35","32","Romance,Medical,Mystery,Drama","의사 요한","SBS","442","264","31 users","8.6","3744","Mature Protagonist,Eccentric Male Lead,Age Gap,Euthanasia,Student/teacher,Smart Male Lead,Trauma,Adapted From A Novel,PTSD,Doctor","8508","8.2","4971","doctor-john.jpg"
"I'm Not a Robot","She's not a robot,I Am Not a Robot,It's Not a Robot,Robosi Aniya,Roboti Aniya","Dec  6, 2017 - Jan 25, 2018","Wednesday,Thursday","South Korea","35","32","Friendship,Romance,Sci-Fi,Comedy,Drama","로봇이 아니야","MBC","35","266","87 users","8.6","21083","Eccentric Male Lead,Rich Male Lead,Fluffy,Artificial Intelligence,Hidden Identity,Sismance,Robot,Deception,Betrayal,Haphephobia","36964","7.6","10672","im-not-a-robot.jpg"
"Code Blue 3","","Jul 17, 2017 - Sep 18, 2017","Monday","Japan","45","10","Medical,Drama","コード・ブルー第3弾","Fuji TV","1847","268","6 users","8.7","959","Idol Actor,Hey! Say! Jump,Nikkan Daily Sports Drama GP,Emergency Service,Doctor","2176","8.5","16692","code-blue-3.jpg"
"Two Weeks","Toowikseu","Aug  7, 2013 - Sep 26, 2013","Wednesday,Thursday","South Korea","65","16","Investigation,Thriller,Action,Suspense,Drama","투윅스","MBC","198","267","37 users","8.6","6928","Single Parent,Crime Solving,Gang,First Love,Wrongfully Accused,Conspiracy,Child,Father-Daughter Relationship,Police Officer,Strong Male Lead","15461","8.4","8478","two-weeks.jpg"
"Voice","Boiseu,The Voice,더 보이스","Jan 14, 2017 - Mar 12, 2017","Saturday,Sunday","South Korea","60","16","Investigation,Psychological,Thriller,Detective,Mystery","보이스","OCN","231","269","18 users","8.6","6561","Stoic Characters,Serial Killer,Psychopath,Special Power,Golden Hour,Competent Protagonist,Sly Character,Strong Female Lead,Tough Female Lead,Smart Protagonist","14388","7.6","12231","voice.jpg"
"Boku no Ita Jikan","Time I Was In,The Hours of My Life","Jan  8, 2014 - Mar 19, 2014","Wednesday","Japan","54","11","Romance,Drama,Melodrama,Life","僕のいた時間","Fuji TV","371","271","25 users","8.6","3618","Tearjerker,Mother-Daughter Relationship,Nice Male Lead,Terminal Illness,Smart Male Lead,Illness,Love Confession,Father-Son Relationship,Strong Female Lead,Disability","10055","8.2","11253","boku-no-ita-jikan.jpg"
"Queen In Hyun's Man","Queen Inhyun's Man,Inhyeonwanghooui Namja,Queen And I","Apr 18, 2012 - Jun  7, 2012","Wednesday,Thursday","South Korea","45","16","Historical,Supernatural,Romance,Comedy","인현왕후의 남자","tvN","44","274","141 users","8.6","16526","Joseon Dynasty,Famous Lead/Common Lead,Scholar,Calm Male Lead,Nice Male Lead,Smart Male Lead,Female Chases Male First,Actress,Strong Male Lead,Time Travel","31957","8.5","73257","queen-in-hyuns-man.jpg"
"Arsenal Military Academy",",Lie Huo Jun Xiao","Aug  6, 2019 - Sep  6, 2019","Tuesday,Wednesday,Thursday,Friday","China","45","48","Military,Friendship,Romance,Action,Historical,Comedy","烈火军校","iQiyi","921","275","35 users","8.6","1670","Eccentric Male Lead,Cross-Dressing,Character Development,Hardworking Female Lead,Teamwork,Smart Male Lead,Hate To Love,Smart Female Lead,Strong Female Lead,Slow Burn Romance","4451","6.7","22306","arsenal-military-academy.jpg"
"Ever Night","將夜,Jiang Ye,Ever Night Season 1,将夜之帝国的清晨","Oct 31, 2018 - Jan  4, 2019","Wednesday,Thursday,Friday","China","45","60","Fantasy,Romance,Wuxia,Action,Adventure,Martial Arts,Drama","将夜","Tencent Video","959","277","25 users","8.7","1233","Revenge,Fight,Hidden Identity,Xianxia,Master-Student Relationship,Height Difference,Adapted From A Novel,Strong Female Characters,Strong Male Lead,Sword-fight","4281","7.4","51322","ever-night.jpg"
